Workbook

Sheet 01_TONG_QUAN
A1: BẢNG TỔNG HỢP TIẾN ĐỘ TUÂN THỦ OBSERVABILITY TOÀN HỆ THỐNG
A2: Số liệu tự động tổng hợp theo thời gian thực từ Sheet '02_TRACKING_SERVICES' (Dựa trên Quy định Observability v1.0 & SDK v1.5.0 Multi-Target .NET 6/7/8)
B4: I. TỔNG QUAN TUÂN THỦ & NGHIỆM THU QUALITY GATE 2
B5: Chỉ tiêu thống kê | C5: Số lượng Service | D5: Tỷ lệ (%) | E5: Ghi chú / Ý nghĩa
B6: Tổng số Services đang theo dõi | C6: =COUNTA('02_TRACKING_SERVICES'!C6:C205) | D6: =IF(C6>0, 1, 0) | E6: Tổng số microservice có khai báo tên trong bảng Tracking
B7: 1. ĐẠT CHUẨN QUALITY GATE 2 (PASS - Sẵn sàng Go-Live) | C7: =COUNTIF('02_TRACKING_SERVICES'!R6:R205, "ĐẠT CHUẨN QG2 (PASS)") | D7: =IF($C$6>0, C7/$C$6, 0) | E7: Đủ 3 trục + Đủ 3 tầng Dashboard + Qua OTel Collector chuẩn
B8: 2. ĐANG HOÀN THIỆN (PENDING - Thiếu trục hoặc Dashboard) | C8: =COUNTIF('02_TRACKING_SERVICES'!R6:R205, "ĐANG HOÀN THIỆN (PENDING)") | D8: =IF($C$6>0, C8/$C$6, 0) | E8: Đã triển khai một phần nhưng chưa đủ điều kiện qua QG2
B9: 3. VI PHẠM KIẾN TRÚC (BLOCKER - Đẩy thẳng Kafka/ES) | C9: =COUNTIF('02_TRACKING_SERVICES'!R6:R205, "VI PHẠM (BLOCKER)") | D9: =IF($C$6>0, C9/$C$6, 0) | E9: Bắt buộc chặn release (Vi phạm mục 7.3 Single OTLP Path)
B10: 4. CHƯA TRIỂN KHAI (NOT STARTED) | C10: =COUNTIF('02_TRACKING_SERVICES'!R6:R205, "CHƯA TRIỂN KHAI") | D10: =IF($C$6>0, C10/$C$6, 0) | E10: Service chưa gắn bất kỳ trục hay dashboard nào
B12: II. TIẾN ĐỘ TÍCH HỢP 3 TRỤC OBSERVABILITY (LOGGING - TRACING - METRICS)
B13: Trụ cột Observability | C13: Số Service Đạt chuẩn | D13: Tỷ lệ Hoàn thành | E13: Yêu cầu cốt lõi trong Quy định
B14: Trục 1: LOGGING (Structured JSON, snake_case, PII Masking) | C14: =COUNTIF('02_TRACKING_SERVICES'!H6:H205, "Đã hoàn thành (Đạt chuẩn)") | D14: =IF($C$6>0, C14/$C$6, 0) | E14: Mục 4: JSON chuẩn, không text tự do, không lộ PII
B15: Trục 2: TRACING (W3C/B3 Context, Auto & Custom Spans) | C15: =COUNTIF('02_TRACKING_SERVICES'!I6:I205, "Đã hoàn thành (Đạt chuẩn)") | D15: =IF($C$6>0, C15/$C$6, 0) | E15: Mục 5: Truyền traceparent liên tục, khớp Trace ID với Log
B16: Trục 3: METRICS (Golden Signals, Low Cardinality) | C16: =COUNTIF('02_TRACKING_SERVICES'!J6:J205, "Đã hoàn thành (Đạt chuẩn)") | D16: =IF($C$6>0, C16/$C$6, 0) | E16: Mục 6: RPS, Latency p50/p95/p99, Error Rate, SDK Active
B17: TỔNG SỐ SERVICE ĐÃ GẮN ĐẦY ĐỦ CẢ 3 TRỤC (FULL 3 PILLARS) | C17: =COUNTIF('02_TRACKING_SERVICES'!K6:K205, "ĐỦ 3 TRỤC (100%)") | D17: =IF($C$6>0, C17/$C$6, 0) | E17: Hoàn thành đồng thời cả 3 trục Logging + Tracing + Metrics
B19: III. TIẾN ĐỘ XÂY DỰNG 3 LEVEL DASHBOARD (MỤC 8 QUY ĐỊNH)
B20: Cấp độ Dashboard | C20: Số Service Đã có | D20: Tỷ lệ Hoàn thành | E20: Đối tượng sử dụng & Nội dung bắt buộc
B21: Level 1: Executive Overview Dashboard | C21: =COUNTIF('02_TRACKING_SERVICES'!L6:L205, "Đã có (Đạt chuẩn)") | D21: =IF($C$6>0, C21/$C$6, 0) | E21: Ban điều hành: Golden Signals (Traffic, Latency, Error, Saturation)
B22: Level 2: Developer Deep-Dive Dashboard | C22: =COUNTIF('02_TRACKING_SERVICES'!M6:M205, "Đã có (Đạt chuẩn)") | D22: =IF($C$6>0, C22/$C$6, 0) | E22: Developer / Tech Lead: APM, truy vết theo Trace ID
B23: Level 3: Infrastructure & Runtime Dashboard | C23: =COUNTIF('02_TRACKING_SERVICES'!N6:N205, "Đã có (Đạt chuẩn)") | D23: =IF($C$6>0, C23/$C$6, 0) | E23: DevOps / SRE: Memory, CPU, GC, ThreadPool
B24: TỔNG SỐ SERVICE ĐÃ ĐỦ CẢ 3 LEVEL DASHBOARD | C24: =COUNTIF('02_TRACKING_SERVICES'!O6:O205, "ĐỦ 3 LEVEL DASHBOARD") | D24: =IF($C$6>0, C24/$C$6, 0) | E24: Đạt đủ cả 3 tầng Dashboard theo Mục 8
B26: IV. THỐNG KÊ THEO TECH STACK (ĐÁNH GIÁ ĐỘ PHỦ SDK .NET 6 / 7 / 8)
B27: Tech Stack của Service | C27: Số lượng Service | D27: Tỷ trọng (%) | E27: Cơ chế Tích hợp Chuẩn
B28: .NET 8 (SDK v1.5+ hỗ trợ chính thức) | C28: =COUNTIF('02_TRACKING_SERVICES'!E6:E205, ".NET 8 (SDK v1.5+ hỗ trợ chính thức)") | D28: =IF($C$6>0, C28/$C$6, 0) | E28: Cài trực tiếp NuGet package ISC.Observability v1.5.0
B29: .NET 6 / .NET 7 (SDK v1.5+ hỗ trợ chính thức) | C29: =COUNTIF('02_TRACKING_SERVICES'!E6:E205, ".NET 6 / .NET 7 (SDK v1.5+ hỗ trợ chính thức)") | D29: =IF($C$6>0, C29/$C$6, 0) | E29: Cài trực tiếp NuGet package ISC.Observability v1.5.0 (Multi-target)
B30: .NET Framework (Legacy) | C30: =COUNTIF('02_TRACKING_SERVICES'!E6:E205, ".NET Framework (Legacy)") | D30: =IF($C$6>0, C30/$C$6, 0) | E30: Dùng OpenTelemetry .NET Framework SDK / OTel Native
B31: Node.js / NestJS | C31: =COUNTIF('02_TRACKING_SERVICES'!E6:E205, "Node.js / NestJS") | D31: =IF($C$6>0, C31/$C$6, 0) | E31: Dùng @opentelemetry/sdk-node + Biến môi trường chuẩn
B32: Python (FastAPI / Django) | C32: =COUNTIF('02_TRACKING_SERVICES'!E6:E205, "Python (FastAPI / Django)") | D32: =IF($C$6>0, C32/$C$6, 0) | E32: Dùng opentelemetry-distro + Biến môi trường chuẩn
B33: Go (Golang) | C33: =COUNTIF('02_TRACKING_SERVICES'!E6:E205, "Go (Golang)") | D33: =IF($C$6>0, C33/$C$6, 0) | E33: Dùng go.opentelemetry.io/otel + Biến môi trường chuẩn
B34: Java / Spring Boot | C34: =COUNTIF('02_TRACKING_SERVICES'!E6:E205, "Java / Spring Boot") | D34: =IF($C$6>0, C34/$C$6, 0) | E34: Dùng opentelemetry-javaagent + Biến môi trường chuẩn
B35: Khác | C35: =COUNTIF('02_TRACKING_SERVICES'!E6:E205, "Khác") | D35: =IF($C$6>0, C35/$C$6, 0) | E35: Cấu hình xuất OTLP HTTP Protobuf về OTel Collector:4318

Sheet 02_TRACKING_SERVICES
A1: BIỂU MẪU THEO DÕI MỨC ĐỘ TUÂN THỦ TIÊU CHUẨN OBSERVABILITY (3 TRỤC & 3 LEVEL DASHBOARD)
A2: Hướng dẫn: Các cột nhãn [NHẬP TEXT] do đơn vị tự điền | Các cột nhãn [CHỌN DANH MỤC] bấm mũi tên chọn từ danh sách chuẩn | Các cột nhãn [TỰ ĐỘNG TÍNH] có nền xanh nhạt do hệ thống tự động đánh giá.
A3: 1. THÔNG TIN ĐỊNH DANH SERVICE & TECH STACK | H3: 2. TRẠNG THÁI 3 TRỤC OBSERVABILITY (3 PILLARS) | L3: 3. TRẠNG THÁI 3 LEVEL DASHBOARD (MỤC 8 QUY ĐỊNH) | P3: 4. HẠ TẦNG OTLP & NGHIỆM THU QUALITY GATE 2 | S3: 5. THÔNG TIN QUẢN TRỊ & LIÊN KẾT
A4: STT | B4: Tên Hệ thống / Dự án | C4: Tên Service (Chuẩn kebab-case-svc) | D4: Môi trường (Environment) | E4: Tech Stack của Service | F4: Khả năng hỗ trợ của SDK (Hỗ trợ .NET 6 / 7 / 8) | G4: Phương thức Tích hợp | H4: Trục 1: LOGGING (JSON, snake_case, Mask PII) | I4: Trục 2: TRACING (W3C/B3, Auto & Custom Span) | J4: Trục 3: METRICS (Golden Signals, Low Card.) | K4: Tổng hợp 3 Trục (Full 3 Pillars) | L4: Dashboard Level 1 Executive Overview | M4: Dashboard Level 2 Developer Deep-Dive | N4: Dashboard Level 3 Infra & Runtime | O4: Tổng hợp Dashboard (Full 3 Levels) | P4: Đường truyền Telemetry (Single OTLP Path) | Q4: Tín hiệu SDK Active (observability.sdk.active=1) | R4: KẾT QUẢ TUÂN THỦ (QUALITY GATE 2) | S4: Link Dashboard (Kibana / SigNoz / Grafana) | T4: Tech Lead / PIC | U4: Ngày cập nhật / Deadline hoàn thành | V4: Ghi chú / Vướng mắc
A5: [TỰ ĐỘNG] | B5: [NHẬP TEXT] | C5: [NHẬP TEXT] | D5: [CHỌN DANH MỤC] | E5: [CHỌN DANH MỤC] | F5: [TỰ ĐỘNG TÍNH] | G5: [CHỌN DANH MỤC] | H5: [CHỌN DANH MỤC] | I5: [CHỌN DANH MỤC] | J5: [CHỌN DANH MỤC] | K5: [TỰ ĐỘNG TÍNH] | L5: [CHỌN DANH MỤC] | M5: [CHỌN DANH MỤC] | N5: [CHỌN DANH MỤC] | O5: [TỰ ĐỘNG TÍNH] | P5: [CHỌN DANH MỤC] | Q5: [CHỌN DANH MỤC] | R5: [TỰ ĐỘNG TÍNH] | S5: [NHẬP TEXT] | T5: [NHẬP TEXT] | U5: [NHẬP TEXT] | V5: [NHẬP TEXT]
A6: =IF(COUNTA(B6:C6)=0, "", COUNTA($C$6:C6)) | B6: Hệ thống Thanh toán (Core Payment) | C6: payment-svc | D6: Production | E6: .NET 8 (SDK v1.5+ hỗ trợ chính thức) | F6: =IF(E6="", "", IF(OR(E6=".NET 8 (SDK v1.5+ hỗ trợ chính thức)", E6=".NET 6 / .NET 7 (SDK v1.5+ hỗ trợ chính thức)"), "Hỗ trợ chuẩn SDK (.NET 6/7/8)", "Ngoài phạm vi SDK (Dùng OTel Native)")) | G6: Đã cài SDK ISC.Observability (.NET 6/7/8) | H6: Đã hoàn thành (Đạt chuẩn) | I6: Đã hoàn thành (Đạt chuẩn) | J6: Đã hoàn thành (Đạt chuẩn) | K6: =IF(COUNTA(H6:J6)=0, "", IF(COUNTIF(H6:J6, "Đã hoàn thành (Đạt chuẩn)")=3, "ĐỦ 3 TRỤC (100%)", IF(COUNTIF(H6:J6, "Chưa triển khai")=3, "CHƯA GẮN (0%)", "THIẾU / CHƯA ĐẠT (" & COUNTIF(H6:J6, "Đã hoàn thành (Đạt chuẩn)") & "/3)"))) | L6: Đã có (Đạt chuẩn) | M6: Đã có (Đạt chuẩn) | N6: Đã có (Đạt chuẩn) | O6: =IF(COUNTA(L6:N6)=0, "", IF(COUNTIF(L6:N6, "Đã có (Đạt chuẩn)")=3, "ĐỦ 3 LEVEL DASHBOARD", IF(COUNTIF(L6:N6, "Chưa có")=3, "CHƯA CÓ DASHBOARD", "THIẾU DASHBOARD (" & COUNTIF(L6:N6, "Đã có (Đạt chuẩn)") & "/3)"))) | P6: Qua OTel Collector (Đúng chuẩn) | Q6: Đã ghi nhận (= 1) | R6: =IF(C6="", "", IF(P6="Đẩy thẳng Kafka / ES (Vi phạm BLOCKER)", "VI PHẠM (BLOCKER)", IF(AND(K6="ĐỦ 3 TRỤC (100%)", O6="ĐỦ 3 LEVEL DASHBOARD", P6="Qua OTel Collector (Đúng chuẩn)"), "ĐẠT CHUẨN QG2 (PASS)", IF(AND(K6="CHƯA GẮN (0%)", O6="CHƯA CÓ DASHBOARD"), "CHƯA TRIỂN KHAI", "ĐANG HOÀN THIỆN (PENDING)")))) | S6: https://kibana.isc.internal/app/dashboards#/view/payment-svc | T6: Nguyễn Văn A | U6: 2026-09-29 | V6: Mẫu: Đã đạt chuẩn toàn diện Quality Gate 2 (Có thể xóa/ghi đè dòng mẫu này)
A7: =IF(COUNTA(B7:C7)=0, "", COUNTA($C$6:C7)) | B7: Hệ thống Đơn hàng (E-Commerce) | C7: order-svc | D7: Staging / UAT | E7: .NET 6 / .NET 7 (SDK v1.5+ hỗ trợ chính thức) | F7: =IF(E7="", "", IF(OR(E7=".NET 8 (SDK v1.5+ hỗ trợ chính thức)", E7=".NET 6 / .NET 7 (SDK v1.5+ hỗ trợ chính thức)"), "Hỗ trợ chuẩn SDK (.NET 6/7/8)", "Ngoài phạm vi SDK (Dùng OTel Native)")) | G7: Đã cài SDK ISC.Observability (.NET 6/7/8) | H7: Đã hoàn thành (Đạt chuẩn) | I7: Đã hoàn thành (Đạt chuẩn) | J7: Đang triển khai | K7: =IF(COUNTA(H7:J7)=0, "", IF(COUNTIF(H7:J7, "Đã hoàn thành (Đạt chuẩn)")=3, "ĐỦ 3 TRỤC (100%)", IF(COUNTIF(H7:J7, "Chưa triển khai")=3, "CHƯA GẮN (0%)", "THIẾU / CHƯA ĐẠT (" & COUNTIF(H7:J7, "Đã hoàn thành (Đạt chuẩn)") & "/3)"))) | L7: Đã có (Đạt chuẩn) | M7: Đã có (Đạt chuẩn) | N7: Đang xây dựng | O7: =IF(COUNTA(L7:N7)=0, "", IF(COUNTIF(L7:N7, "Đã có (Đạt chuẩn)")=3, "ĐỦ 3 LEVEL DASHBOARD", IF(COUNTIF(L7:N7, "Chưa có")=3, "CHƯA CÓ DASHBOARD", "THIẾU DASHBOARD (" & COUNTIF(L7:N7, "Đã có (Đạt chuẩn)") & "/3)"))) | P7: Qua OTel Collector (Đúng chuẩn) | Q7: Đã ghi nhận (= 1) | R7: =IF(C7="", "", IF(P7="Đẩy thẳng Kafka / ES (Vi phạm BLOCKER)", "VI PHẠM (BLOCKER)", IF(AND(K7="ĐỦ 3 TRỤC (100%)", O7="ĐỦ 3 LEVEL DASHBOARD", P7="Qua OTel Collector (Đúng chuẩn)"), "ĐẠT CHUẨN QG2 (PASS)", IF(AND(K7="CHƯA GẮN (0%)", O7="CHƯA CÓ DASHBOARD"), "CHƯA TRIỂN KHAI", "ĐANG HOÀN THIỆN (PENDING)")))) | S7: https://kibana.isc.internal/app/dashboards#/view/order-svc | T7: Trần Thị B | U7: 2026-10-05 | V7: Mẫu: Service .NET 6 cài trực tiếp SDK v1.5.0, đang hoàn thiện Dashboard Layer 3
A8: =IF(COUNTA(B8:C8)=0, "", COUNTA($C$6:C8)) | B8: Hệ thống Thông báo (Notification Hub) | C8: notification-svc | D8: Production | E8: Node.js / NestJS | F8: =IF(E8="", "", IF(OR(E8=".NET 8 (SDK v1.5+ hỗ trợ chính thức)", E8=".NET 6 / .NET 7 (SDK v1.5+ hỗ trợ chính thức)"), "Hỗ trợ chuẩn SDK (.NET 6/7/8)", "Ngoài phạm vi SDK (Dùng OTel Native)")) | G8: Cấu hình OTel Native (Biến môi trường) | H8: Đã hoàn thành (Đạt chuẩn) | I8: Đã hoàn thành (Đạt chuẩn) | J8: Đã hoàn thành (Đạt chuẩn) | K8: =IF(COUNTA(H8:J8)=0, "", IF(COUNTIF(H8:J8, "Đã hoàn thành (Đạt chuẩn)")=3, "ĐỦ 3 TRỤC (100%)", IF(COUNTIF(H8:J8, "Chưa triển khai")=3, "CHƯA GẮN (0%)", "THIẾU / CHƯA ĐẠT (" & COUNTIF(H8:J8, "Đã hoàn thành (Đạt chuẩn)") & "/3)"))) | L8: Đã có (Đạt chuẩn) | M8: Đã có (Đạt chuẩn) | N8: Đã có (Đạt chuẩn) | O8: =IF(COUNTA(L8:N8)=0, "", IF(COUNTIF(L8:N8, "Đã có (Đạt chuẩn)")=3, "ĐỦ 3 LEVEL DASHBOARD", IF(COUNTIF(L8:N8, "Chưa có")=3, "CHƯA CÓ DASHBOARD", "THIẾU DASHBOARD (" & COUNTIF(L8:N8, "Đã có (Đạt chuẩn)") & "/3)"))) | P8: Qua OTel Collector (Đúng chuẩn) | Q8: N/A (Ngoài .NET 6/7/8) | R8: =IF(C8="", "", IF(P8="Đẩy thẳng Kafka / ES (Vi phạm BLOCKER)", "VI PHẠM (BLOCKER)", IF(AND(K8="ĐỦ 3 TRỤC (100%)", O8="ĐỦ 3 LEVEL DASHBOARD", P8="Qua OTel Collector (Đúng chuẩn)"), "ĐẠT CHUẨN QG2 (PASS)", IF(AND(K8="CHƯA GẮN (0%)", O8="CHƯA CÓ DASHBOARD"), "CHƯA TRIỂN KHAI", "ĐANG HOÀN THIỆN (PENDING)")))) | S8: https://kibana.isc.internal/app/dashboards#/view/notification-svc | T8: Lê Văn C | U8: 2026-09-28 | V8: Mẫu: Service Node.js cấu hình qua biến môi trường chuẩn OTLP
A9: =IF(COUNTA(B9:C9)=0, "", COUNTA($C$6:C9)) | B9: Hệ thống Đối soát Cũ (Legacy Billing) | C9: billing-worker-svc | D9: Development / SIT | E9: .NET 6 / .NET 7 (SDK v1.5+ hỗ trợ chính thức) | F9: =IF(E9="", "", IF(OR(E9=".NET 8 (SDK v1.5+ hỗ trợ chính thức)", E9=".NET 6 / .NET 7 (SDK v1.5+ hỗ trợ chính thức)"), "Hỗ trợ chuẩn SDK (.NET 6/7/8)", "Ngoài phạm vi SDK (Dùng OTel Native)")) | G9: Đang tích hợp | H9: Đã gắn (Chưa đạt chuẩn) | I9: Chưa triển khai | J9: Chưa triển khai | K9: =IF(COUNTA(H9:J9)=0, "", IF(COUNTIF(H9:J9, "Đã hoàn thành (Đạt chuẩn)")=3, "ĐỦ 3 TRỤC (100%)", IF(COUNTIF(H9:J9, "Chưa triển khai")=3, "CHƯA GẮN (0%)", "THIẾU / CHƯA ĐẠT (" & COUNTIF(H9:J9, "Đã hoàn thành (Đạt chuẩn)") & "/3)"))) | L9: Chưa có | M9: Chưa có | N9: Chưa có | O9: =IF(COUNTA(L9:N9)=0, "", IF(COUNTIF(L9:N9, "Đã có (Đạt chuẩn)")=3, "ĐỦ 3 LEVEL DASHBOARD", IF(COUNTIF(L9:N9, "Chưa có")=3, "CHƯA CÓ DASHBOARD", "THIẾU DASHBOARD (" & COUNTIF(L9:N9, "Đã có (Đạt chuẩn)") & "/3)"))) | P9: Đẩy thẳng Kafka / ES (Vi phạm BLOCKER) | Q9: Chưa ghi nhận (= 0) | R9: =IF(C9="", "", IF(P9="Đẩy thẳng Kafka / ES (Vi phạm BLOCKER)", "VI PHẠM (BLOCKER)", IF(AND(K9="ĐỦ 3 TRỤC (100%)", O9="ĐỦ 3 LEVEL DASHBOARD", P9="Qua OTel Collector (Đúng chuẩn)"), "ĐẠT CHUẨN QG2 (PASS)", IF(AND(K9="CHƯA GẮN (0%)", O9="CHƯA CÓ DASHBOARD"), "CHƯA TRIỂN KHAI", "ĐANG HOÀN THIỆN (PENDING)")))) | T9: Phạm Văn D | U9: 2026-10-20 | V9: Mẫu: Đang vi phạm đẩy log thẳng vào Kafka, cần cài gói SDK v1.5.0 (.NET 6/7/8)
A10: =IF(COUNTA(B10:C10)=0, "", COUNTA($C$6:C10)) | B10: Hệ thống Gợi ý AI (Recommendation) | C10: ai-recommend-svc | D10: Chưa triển khai | E10: Python (FastAPI / Django) | F10: =IF(E10="", "", IF(OR(E10=".NET 8 (SDK v1.5+ hỗ trợ chính thức)", E10=".NET 6 / .NET 7 (SDK v1.5+ hỗ trợ chính thức)"), "Hỗ trợ chuẩn SDK (.NET 6/7/8)", "Ngoài phạm vi SDK (Dùng OTel Native)")) | G10: Chưa tích hợp | H10: Chưa triển khai | I10: Chưa triển khai | J10: Chưa triển khai | K10: =IF(COUNTA(H10:J10)=0, "", IF(COUNTIF(H10:J10, "Đã hoàn thành (Đạt chuẩn)")=3, "ĐỦ 3 TRỤC (100%)", IF(COUNTIF(H10:J10, "Chưa triển khai")=3, "CHƯA GẮN (0%)", "THIẾU / CHƯA ĐẠT (" & COUNTIF(H10:J10, "Đã hoàn thành (Đạt chuẩn)") & "/3)"))) | L10: Chưa có | M10: Chưa có | N10: Chưa có | O10: =IF(COUNTA(L10:N10)=0, "", IF(COUNTIF(L10:N10, "Đã có (Đạt chuẩn)")=3, "ĐỦ 3 LEVEL DASHBOARD", IF(COUNTIF(L10:N10, "Chưa có")=3, "CHƯA CÓ DASHBOARD", "THIẾU DASHBOARD (" & COUNTIF(L10:N10, "Đã có (Đạt chuẩn)") & "/3)"))) | P10: Chưa cấu hình | Q10: N/A (Ngoài .NET 6/7/8) | R10: =IF(C10="", "", IF(P10="Đẩy thẳng Kafka / ES (Vi phạm BLOCKER)", "VI PHẠM (BLOCKER)", IF(AND(K10="ĐỦ 3 TRỤC (100%)", O10="ĐỦ 3 LEVEL DASHBOARD", P10="Qua OTel Collector (Đúng chuẩn)"), "ĐẠT CHUẨN QG2 (PASS)", IF(AND(K10="CHƯA GẮN (0%)", O10="CHƯA CÓ DASHBOARD"), "CHƯA TRIỂN KHAI", "ĐANG HOÀN THIỆN (PENDING)")))) | T10: Hoàng Văn E | U10: 2026-11-01 | V10: Mẫu: Dự án mới khởi tạo, chưa tích hợp
A11: =IF(COUNTA(B11:C11)=0, "", COUNTA($C$6:C11)) | F11: =IF(E11="", "", IF(OR(E11=".NET 8 (SDK v1.5+ hỗ trợ chính thức)", E11=".NET 6 / .NET 7 (SDK v1.5+ hỗ trợ chính thức)"), "Hỗ trợ chuẩn SDK (.NET 6/7/8)", "Ngoài phạm vi SDK (Dùng OTel Native)")) | K11: =IF(COUNTA(H11:J11)=0, "", IF(COUNTIF(H11:J11, "Đã hoàn thành (Đạt chuẩn)")=3, "ĐỦ 3 TRỤC (100%)", IF(COUNTIF(H11:J11, "Chưa triển khai")=3, "CHƯA GẮN (0%)", "THIẾU / CHƯA ĐẠT (" & COUNTIF(H11:J11, "Đã hoàn thành (Đạt chuẩn)") & "/3)"))) | O11: =IF(COUNTA(L11:N11)=0, "", IF(COUNTIF(L11:N11, "Đã có (Đạt chuẩn)")=3, "ĐỦ 3 LEVEL DASHBOARD", IF(COUNTIF(L11:N11, "Chưa có")=3, "CHƯA CÓ DASHBOARD", "THIẾU DASHBOARD (" & COUNTIF(L11:N11, "Đã có (Đạt chuẩn)") & "/3)"))) | R11: =IF(C11="", "", IF(P11="Đẩy thẳng Kafka / ES (Vi phạm BLOCKER)", "VI PHẠM (BLOCKER)", IF(AND(K11="ĐỦ 3 TRỤC (100%)", O11="ĐỦ 3 LEVEL DASHBOARD", P11="Qua OTel Collector (Đúng chuẩn)"), "ĐẠT CHUẨN QG2 (PASS)", IF(AND(K11="CHƯA GẮN (0%)", O11="CHƯA CÓ DASHBOARD"), "CHƯA TRIỂN KHAI", "ĐANG HOÀN THIỆN (PENDING)"))))
A12: =IF(COUNTA(B12:C12)=0, "", COUNTA($C$6:C12)) | F12: =IF(E12="", "", IF(OR(E12=".NET 8 (SDK v1.5+ hỗ trợ chính thức)", E12=".NET 6 / .NET 7 (SDK v1.5+ hỗ trợ chính thức)"), "Hỗ trợ chuẩn SDK (.NET 6/7/8)", "Ngoài phạm vi SDK (Dùng OTel Native)")) | K12: =IF(COUNTA(H12:J12)=0, "", IF(COUNTIF(H12:J12, "Đã hoàn thành (Đạt chuẩn)")=3, "ĐỦ 3 TRỤC (100%)", IF(COUNTIF(H12:J12, "Chưa triển khai")=3, "CHƯA GẮN (0%)", "THIẾU / CHƯA ĐẠT (" & COUNTIF(H12:J12, "Đã hoàn thành (Đạt chuẩn)") & "/3)"))) | O12: =IF(COUNTA(L12:N12)=0, "", IF(COUNTIF(L12:N12, "Đã có (Đạt chuẩn)")=3, "ĐỦ 3 LEVEL DASHBOARD", IF(COUNTIF(L12:N12, "Chưa có")=3, "CHƯA CÓ DASHBOARD", "THIẾU DASHBOARD (" & COUNTIF(L12:N12, "Đã có (Đạt chuẩn)") & "/3)"))) | R12: =IF(C12="", "", IF(P12="Đẩy thẳng Kafka / ES (Vi phạm BLOCKER)", "VI PHẠM (BLOCKER)", IF(AND(K12="ĐỦ 3 TRỤC (100%)", O12="ĐỦ 3 LEVEL DASHBOARD", P12="Qua OTel Collector (Đúng chuẩn)"), "ĐẠT CHUẨN QG2 (PASS)", IF(AND(K12="CHƯA GẮN (0%)", O12="CHƯA CÓ DASHBOARD"), "CHƯA TRIỂN KHAI", "ĐANG HOÀN THIỆN (PENDING)"))))
A13: =IF(COUNTA(B13:C13)=0, "", COUNTA($C$6:C13)) | F13: =IF(E13="", "", IF(OR(E13=".NET 8 (SDK v1.5+ hỗ trợ chính thức)", E13=".NET 6 / .NET 7 (SDK v1.5+ hỗ trợ chính thức)"), "Hỗ trợ chuẩn SDK (.NET 6/7/8)", "Ngoài phạm vi SDK (Dùng OTel Native)")) | K13: =IF(COUNTA(H13:J13)=0, "", IF(COUNTIF(H13:J13, "Đã hoàn thành (Đạt chuẩn)")=3, "ĐỦ 3 TRỤC (100%)", IF(COUNTIF(H13:J13, "Chưa triển khai")=3, "CHƯA GẮN (0%)", "THIẾU / CHƯA ĐẠT (" & COUNTIF(H13:J13, "Đã hoàn thành (Đạt chuẩn)") & "/3)"))) | O13: =IF(COUNTA(L13:N13)=0, "", IF(COUNTIF(L13:N13, "Đã có (Đạt chuẩn)")=3, "ĐỦ 3 LEVEL DASHBOARD", IF(COUNTIF(L13:N13, "Chưa có")=3, "CHƯA CÓ DASHBOARD", "THIẾU DASHBOARD (" & COUNTIF(L13:N13, "Đã có (Đạt chuẩn)") & "/3)"))) | R13: =IF(C13="", "", IF(P13="Đẩy thẳng Kafka / ES (Vi phạm BLOCKER)", "VI PHẠM (BLOCKER)", IF(AND(K13="ĐỦ 3 TRỤC (100%)", O13="ĐỦ 3 LEVEL DASHBOARD", P13="Qua OTel Collector (Đúng chuẩn)"), "ĐẠT CHUẨN QG2 (PASS)", IF(AND(K13="CHƯA GẮN (0%)", O13="CHƯA CÓ DASHBOARD"), "CHƯA TRIỂN KHAI", "ĐANG HOÀN THIỆN (PENDING)"))))
A14: =IF(COUNTA(B14:C14)=0, "", COUNTA($C$6:C14)) | F14: =IF(E14="", "", IF(OR(E14=".NET 8 (SDK v1.5+ hỗ trợ chính thức)", E14=".NET 6 / .NET 7 (SDK v1.5+ hỗ trợ chính thức)"), "Hỗ trợ chuẩn SDK (.NET 6/7/8)", "Ngoài phạm vi SDK (Dùng OTel Native)")) | K14: =IF(COUNTA(H14:J14)=0, "", IF(COUNTIF(H14:J14, "Đã hoàn thành (Đạt chuẩn)")=3, "ĐỦ 3 TRỤC (100%)", IF(COUNTIF(H14:J14, "Chưa triển khai")=3, "CHƯA GẮN (0%)", "THIẾU / CHƯA ĐẠT (" & COUNTIF(H14:J14, "Đã hoàn thành (Đạt chuẩn)") & "/3)"))) | O14: =IF(COUNTA(L14:N14)=0, "", IF(COUNTIF(L14:N14, "Đã có (Đạt chuẩn)")=3, "ĐỦ 3 LEVEL DASHBOARD", IF(COUNTIF(L14:N14, "Chưa có")=3, "CHƯA CÓ DASHBOARD", "THIẾU DASHBOARD (" & COUNTIF(L14:N14, "Đã có (Đạt chuẩn)") & "/3)"))) | R14: =IF(C14="", "", IF(P14="Đẩy thẳng Kafka / ES (Vi phạm BLOCKER)", "VI PHẠM (BLOCKER)", IF(AND(K14="ĐỦ 3 TRỤC (100%)", O14="ĐỦ 3 LEVEL DASHBOARD", P14="Qua OTel Collector (Đúng chuẩn)"), "ĐẠT CHUẨN QG2 (PASS)", IF(AND(K14="CHƯA GẮN (0%)", O14="CHƯA CÓ DASHBOARD"), "CHƯA TRIỂN KHAI", "ĐANG HOÀN THIỆN (PENDING)"))))
A15: =IF(COUNTA(B15:C15)=0, "", COUNTA($C$6:C15)) | F15: =IF(E15="", "", IF(OR(E15=".NET 8 (SDK v1.5+ hỗ trợ chính thức)", E15=".NET 6 / .NET 7 (SDK v1.5+ hỗ trợ chính thức)"), "Hỗ trợ chuẩn SDK (.NET 6/7/8)", "Ngoài phạm vi SDK (Dùng OTel Native)")) | K15: =IF(COUNTA(H15:J15)=0, "", IF(COUNTIF(H15:J15, "Đã hoàn thành (Đạt chuẩn)")=3, "ĐỦ 3 TRỤC (100%)", IF(COUNTIF(H15:J15, "Chưa triển khai")=3, "CHƯA GẮN (0%)", "THIẾU / CHƯA ĐẠT (" & COUNTIF(H15:J15, "Đã hoàn thành (Đạt chuẩn)") & "/3)"))) | O15: =IF(COUNTA(L15:N15)=0, "", IF(COUNTIF(L15:N15, "Đã có (Đạt chuẩn)")=3, "ĐỦ 3 LEVEL DASHBOARD", IF(COUNTIF(L15:N15, "Chưa có")=3, "CHƯA CÓ DASHBOARD", "THIẾU DASHBOARD (" & COUNTIF(L15:N15, "Đã có (Đạt chuẩn)") & "/3)"))) | R15: =IF(C15="", "", IF(P15="Đẩy thẳng Kafka / ES (Vi phạm BLOCKER)", "VI PHẠM (BLOCKER)", IF(AND(K15="ĐỦ 3 TRỤC (100%)", O15="ĐỦ 3 LEVEL DASHBOARD", P15="Qua OTel Collector (Đúng chuẩn)"), "ĐẠT CHUẨN QG2 (PASS)", IF(AND(K15="CHƯA GẮN (0%)", O15="CHƯA CÓ DASHBOARD"), "CHƯA TRIỂN KHAI", "ĐANG HOÀN THIỆN (PENDING)"))))
A16: =IF(COUNTA(B16:C16)=0, "", COUNTA($C$6:C16)) | F16: =IF(E16="", "", IF(OR(E16=".NET 8 (SDK v1.5+ hỗ trợ chính thức)", E16=".NET 6 / .NET 7 (SDK v1.5+ hỗ trợ chính thức)"), "Hỗ trợ chuẩn SDK (.NET 6/7/8)", "Ngoài phạm vi SDK (Dùng OTel Native)")) | K16: =IF(COUNTA(H16:J16)=0, "", IF(COUNTIF(H16:J16, "Đã hoàn thành (Đạt chuẩn)")=3, "ĐỦ 3 TRỤC (100%)", IF(COUNTIF(H16:J16, "Chưa triển khai")=3, "CHƯA GẮN (0%)", "THIẾU / CHƯA ĐẠT (" & COUNTIF(H16:J16, "Đã hoàn thành (Đạt chuẩn)") & "/3)"))) | O16: =IF(COUNTA(L16:N16)=0, "", IF(COUNTIF(L16:N16, "Đã có (Đạt chuẩn)")=3, "ĐỦ 3 LEVEL DASHBOARD", IF(COUNTIF(L16:N16, "Chưa có")=3, "CHƯA CÓ DASHBOARD", "THIẾU DASHBOARD (" & COUNTIF(L16:N16, "Đã có (Đạt chuẩn)") & "/3)"))) | R16: =IF(C16="", "", IF(P16="Đẩy thẳng Kafka / ES (Vi phạm BLOCKER)", "VI PHẠM (BLOCKER)", IF(AND(K16="ĐỦ 3 TRỤC (100%)", O16="ĐỦ 3 LEVEL DASHBOARD", P16="Qua OTel Collector (Đúng chuẩn)"), "ĐẠT CHUẨN QG2 (PASS)", IF(AND(K16="CHƯA GẮN (0%)", O16="CHƯA CÓ DASHBOARD"), "CHƯA TRIỂN KHAI", "ĐANG HOÀN THIỆN (PENDING)"))))
A17: =IF(COUNTA(B17:C17)=0, "", COUNTA($C$6:C17)) | F17: =IF(E17="", "", IF(OR(E17=".NET 8 (SDK v1.5+ hỗ trợ chính thức)", E17=".NET 6 / .NET 7 (SDK v1.5+ hỗ trợ chính thức)"), "Hỗ trợ chuẩn SDK (.NET 6/7/8)", "Ngoài phạm vi SDK (Dùng OTel Native)")) | K17: =IF(COUNTA(H17:J17)=0, "", IF(COUNTIF(H17:J17, "Đã hoàn thành (Đạt chuẩn)")=3, "ĐỦ 3 TRỤC (100%)", IF(COUNTIF(H17:J17, "Chưa triển khai")=3, "CHƯA GẮN (0%)", "THIẾU / CHƯA ĐẠT (" & COUNTIF(H17:J17, "Đã hoàn thành (Đạt chuẩn)") & "/3)"))) | O17: =IF(COUNTA(L17:N17)=0, "", IF(COUNTIF(L17:N17, "Đã có (Đạt chuẩn)")=3, "ĐỦ 3 LEVEL DASHBOARD", IF(COUNTIF(L17:N17, "Chưa có")=3, "CHƯA CÓ DASHBOARD", "THIẾU DASHBOARD (" & COUNTIF(L17:N17, "Đã có (Đạt chuẩn)") & "/3)"))) | R17: =IF(C17="", "", IF(P17="Đẩy thẳng Kafka / ES (Vi phạm BLOCKER)", "VI PHẠM (BLOCKER)", IF(AND(K17="ĐỦ 3 TRỤC (100%)", O17="ĐỦ 3 LEVEL DASHBOARD", P17="Qua OTel Collector (Đúng chuẩn)"), "ĐẠT CHUẨN QG2 (PASS)", IF(AND(K17="CHƯA GẮN (0%)", O17="CHƯA CÓ DASHBOARD"), "CHƯA TRIỂN KHAI", "ĐANG HOÀN THIỆN (PENDING)"))))
A18: =IF(COUNTA(B18:C18)=0, "", COUNTA($C$6:C18)) | F18: =IF(E18="", "", IF(OR(E18=".NET 8 (SDK v1.5+ hỗ trợ chính thức)", E18=".NET 6 / .NET 7 (SDK v1.5+ hỗ trợ chính thức)"), "Hỗ trợ chuẩn SDK (.NET 6/7/8)", "Ngoài phạm vi SDK (Dùng OTel Native)")) | K18: =IF(COUNTA(H18:J18)=0, "", IF(COUNTIF(H18:J18, "Đã hoàn thành (Đạt chuẩn)")=3, "ĐỦ 3 TRỤC (100%)", IF(COUNTIF(H18:J18, "Chưa triển khai")=3, "CHƯA GẮN (0%)", "THIẾU / CHƯA ĐẠT (" & COUNTIF(H18:J18, "Đã hoàn thành (Đạt chuẩn)") & "/3)"))) | O18: =IF(COUNTA(L18:N18)=0, "", IF(COUNTIF(L18:N18, "Đã có (Đạt chuẩn)")=3, "ĐỦ 3 LEVEL DASHBOARD", IF(COUNTIF(L18:N18, "Chưa có")=3, "CHƯA CÓ DASHBOARD", "THIẾU DASHBOARD (" & COUNTIF(L18:N18, "Đã có (Đạt chuẩn)") & "/3)"))) | R18: =IF(C18="", "", IF(P18="Đẩy thẳng Kafka / ES (Vi phạm BLOCKER)", "VI PHẠM (BLOCKER)", IF(AND(K18="ĐỦ 3 TRỤC (100%)", O18="ĐỦ 3 LEVEL DASHBOARD", P18="Qua OTel Collector (Đúng chuẩn)"), "ĐẠT CHUẨN QG2 (PASS)", IF(AND(K18="CHƯA GẮN (0%)", O18="CHƯA CÓ DASHBOARD"), "CHƯA TRIỂN KHAI", "ĐANG HOÀN THIỆN (PENDING)"))))
A19: =IF(COUNTA(B19:C19)=0, "", COUNTA($C$6:C19)) | F19: =IF(E19="", "", IF(OR(E19=".NET 8 (SDK v1.5+ hỗ trợ chính thức)", E19=".NET 6 / .NET 7 (SDK v1.5+ hỗ trợ chính thức)"), "Hỗ trợ chuẩn SDK (.NET 6/7/8)", "Ngoài phạm vi SDK (Dùng OTel Native)")) | K19: =IF(COUNTA(H19:J19)=0, "", IF(COUNTIF(H19:J19, "Đã hoàn thành (Đạt chuẩn)")=3, "ĐỦ 3 TRỤC (100%)", IF(COUNTIF(H19:J19, "Chưa triển khai")=3, "CHƯA GẮN (0%)", "THIẾU / CHƯA ĐẠT (" & COUNTIF(H19:J19, "Đã hoàn thành (Đạt chuẩn)") & "/3)"))) | O19: =IF(COUNTA(L19:N19)=0, "", IF(COUNTIF(L19:N19, "Đã có (Đạt chuẩn)")=3, "ĐỦ 3 LEVEL DASHBOARD", IF(COUNTIF(L19:N19, "Chưa có")=3, "CHƯA CÓ DASHBOARD", "THIẾU DASHBOARD (" & COUNTIF(L19:N19, "Đã có (Đạt chuẩn)") & "/3)"))) | R19: =IF(C19="", "", IF(P19="Đẩy thẳng Kafka / ES (Vi phạm BLOCKER)", "VI PHẠM (BLOCKER)", IF(AND(K19="ĐỦ 3 TRỤC (100%)", O19="ĐỦ 3 LEVEL DASHBOARD", P19="Qua OTel Collector (Đúng chuẩn)"), "ĐẠT CHUẨN QG2 (PASS)", IF(AND(K19="CHƯA GẮN (0%)", O19="CHƯA CÓ DASHBOARD"), "CHƯA TRIỂN KHAI", "ĐANG HOÀN THIỆN (PENDING)"))))
A20: =IF(COUNTA(B20:C20)=0, "", COUNTA($C$6:C20)) | F20: =IF(E20="", "", IF(OR(E20=".NET 8 (SDK v1.5+ hỗ trợ chính thức)", E20=".NET 6 / .NET 7 (SDK v1.5+ hỗ trợ chính thức)"), "Hỗ trợ chuẩn SDK (.NET 6/7/8)", "Ngoài phạm vi SDK (Dùng OTel Native)")) | K20: =IF(COUNTA(H20:J20)=0, "", IF(COUNTIF(H20:J20, "Đã hoàn thành (Đạt chuẩn)")=3, "ĐỦ 3 TRỤC (100%)", IF(COUNTIF(H20:J20, "Chưa triển khai")=3, "CHƯA GẮN (0%)", "THIẾU / CHƯA ĐẠT (" & COUNTIF(H20:J20, "Đã hoàn thành (Đạt chuẩn)") & "/3)"))) | O20: =IF(COUNTA(L20:N20)=0, "", IF(COUNTIF(L20:N20, "Đã có (Đạt chuẩn)")=3, "ĐỦ 3 LEVEL DASHBOARD", IF(COUNTIF(L20:N20, "Chưa có")=3, "CHƯA CÓ DASHBOARD", "THIẾU DASHBOARD (" & COUNTIF(L20:N20, "Đã có (Đạt chuẩn)") & "/3)"))) | R20: =IF(C20="", "", IF(P20="Đẩy thẳng Kafka / ES (Vi phạm BLOCKER)", "VI PHẠM (BLOCKER)", IF(AND(K20="ĐỦ 3 TRỤC (100%)", O20="ĐỦ 3 LEVEL DASHBOARD", P20="Qua OTel Collector (Đúng chuẩn)"), "ĐẠT CHUẨN QG2 (PASS)", IF(AND(K20="CHƯA GẮN (0%)", O20="CHƯA CÓ DASHBOARD"), "CHƯA TRIỂN KHAI", "ĐANG HOÀN THIỆN (PENDING)"))))
A21: =IF(COUNTA(B21:C21)=0, "", COUNTA($C$6:C21)) | F21: =IF(E21="", "", IF(OR(E21=".NET 8 (SDK v1.5+ hỗ trợ chính thức)", E21=".NET 6 / .NET 7 (SDK v1.5+ hỗ trợ chính thức)"), "Hỗ trợ chuẩn SDK (.NET 6/7/8)", "Ngoài phạm vi SDK (Dùng OTel Native)")) | K21: =IF(COUNTA(H21:J21)=0, "", IF(COUNTIF(H21:J21, "Đã hoàn thành (Đạt chuẩn)")=3, "ĐỦ 3 TRỤC (100%)", IF(COUNTIF(H21:J21, "Chưa triển khai")=3, "CHƯA GẮN (0%)", "THIẾU / CHƯA ĐẠT (" & COUNTIF(H21:J21, "Đã hoàn thành (Đạt chuẩn)") & "/3)"))) | O21: =IF(COUNTA(L21:N21)=0, "", IF(COUNTIF(L21:N21, "Đã có (Đạt chuẩn)")=3, "ĐỦ 3 LEVEL DASHBOARD", IF(COUNTIF(L21:N21, "Chưa có")=3, "CHƯA CÓ DASHBOARD", "THIẾU DASHBOARD (" & COUNTIF(L21:N21, "Đã có (Đạt chuẩn)") & "/3)"))) | R21: =IF(C21="", "", IF(P21="Đẩy thẳng Kafka / ES (Vi phạm BLOCKER)", "VI PHẠM (BLOCKER)", IF(AND(K21="ĐỦ 3 TRỤC (100%)", O21="ĐỦ 3 LEVEL DASHBOARD", P21="Qua OTel Collector (Đúng chuẩn)"), "ĐẠT CHUẨN QG2 (PASS)", IF(AND(K21="CHƯA GẮN (0%)", O21="CHƯA CÓ DASHBOARD"), "CHƯA TRIỂN KHAI", "ĐANG HOÀN THIỆN (PENDING)"))))
A22: =IF(COUNTA(B22:C22)=0, "", COUNTA($C$6:C22)) | F22: =IF(E22="", "", IF(OR(E22=".NET 8 (SDK v1.5+ hỗ trợ chính thức)", E22=".NET 6 / .NET 7 (SDK v1.5+ hỗ trợ chính thức)"), "Hỗ trợ chuẩn SDK (.NET 6/7/8)", "Ngoài phạm vi SDK (Dùng OTel Native)")) | K22: =IF(COUNTA(H22:J22)=0, "", IF(COUNTIF(H22:J22, "Đã hoàn thành (Đạt chuẩn)")=3, "ĐỦ 3 TRỤC (100%)", IF(COUNTIF(H22:J22, "Chưa triển khai")=3, "CHƯA GẮN (0%)", "THIẾU / CHƯA ĐẠT (" & COUNTIF(H22:J22, "Đã hoàn thành (Đạt chuẩn)") & "/3)"))) | O22: =IF(COUNTA(L22:N22)=0, "", IF(COUNTIF(L22:N22, "Đã có (Đạt chuẩn)")=3, "ĐỦ 3 LEVEL DASHBOARD", IF(COUNTIF(L22:N22, "Chưa có")=3, "CHƯA CÓ DASHBOARD", "THIẾU DASHBOARD (" & COUNTIF(L22:N22, "Đã có (Đạt chuẩn)") & "/3)"))) | R22: =IF(C22="", "", IF(P22="Đẩy thẳng Kafka / ES (Vi phạm BLOCKER)", "VI PHẠM (BLOCKER)", IF(AND(K22="ĐỦ 3 TRỤC (100%)", O22="ĐỦ 3 LEVEL DASHBOARD", P22="Qua OTel Collector (Đúng chuẩn)"), "ĐẠT CHUẨN QG2 (PASS)", IF(AND(K22="CHƯA GẮN (0%)", O22="CHƯA CÓ DASHBOARD"), "CHƯA TRIỂN KHAI", "ĐANG HOÀN THIỆN (PENDING)"))))
... A205: =IF(COUNTA(B205:C205)=0, "", COUNTA($C$6:C205)) | F205: =IF(E205="", "", IF(OR(E205=".NET 8 (SDK v1.5+ hỗ trợ chính thức)", E205=".NET 6 / .NET 7 (SDK v1.5+ hỗ trợ chính thức)"), "Hỗ trợ chuẩn SDK (.NET 6/7/8)", "Ngoài phạm vi SDK (Dùng OTel Native)")) | K205: =IF(COUNTA(H205:J205)=0, "", IF(COUNTIF(H205:J205, "Đã hoàn thành (Đạt chuẩn)")=3, "ĐỦ 3 TRỤC (100%)", IF(COUNTIF(H205:J205, "Chưa triển khai")=3, "CHƯA GẮN (0%)", "THIẾU / CHƯA ĐẠT (" & COUNTIF(H205:J205, "Đã hoàn thành (Đạt chuẩn)") & "/3)"))) | O205: =IF(COUNTA(L205:N205)=0, "", IF(COUNTIF(L205:N205, "Đã có (Đạt chuẩn)")=3, "ĐỦ 3 LEVEL DASHBOARD", IF(COUNTIF(L205:N205, "Chưa có")=3, "CHƯA CÓ DASHBOARD", "THIẾU DASHBOARD (" & COUNTIF(L205:N205, "Đã có (Đạt chuẩn)") & "/3)"))) | R205: =IF(C205="", "", IF(P205="Đẩy thẳng Kafka / ES (Vi phạm BLOCKER)", "VI PHẠM (BLOCKER)", IF(AND(K205="ĐỦ 3 TRỤC (100%)", O205="ĐỦ 3 LEVEL DASHBOARD", P205="Qua OTel Collector (Đúng chuẩn)"), "ĐẠT CHUẨN QG2 (PASS)", IF(AND(K205="CHƯA GẮN (0%)", O205="CHƯA CÓ DASHBOARD"), "CHƯA TRIỂN KHAI", "ĐANG HOÀN THIỆN (PENDING)"))))

Sheet 03_DANH_MUC_CHUAN
A1: DANH MỤC CHUẨN HÓA (DÙNG CHO DROPDOWN LIST) & TIÊU CHÍ THAM CHIẾU QUY ĐỊNH OBSERVABILITY
A3: Danh mục Tech Stack | B3: Danh mục Môi trường | C3: Phương thức Tích hợp | D3: Trạng thái 3 Trục (Log/Trace/Metric) | E3: Trạng thái 3 Level Dashboard | F3: Đường truyền Telemetry | G3: Metric SDK Active (=1)
A4: .NET 8 (SDK v1.5+ hỗ trợ chính thức) | B4: Production | C4: Đã cài SDK ISC.Observability (.NET 6/7/8) | D4: Đã hoàn thành (Đạt chuẩn) | E4: Đã có (Đạt chuẩn) | F4: Qua OTel Collector (Đúng chuẩn) | G4: Đã ghi nhận (= 1)
A5: .NET 6 / .NET 7 (SDK v1.5+ hỗ trợ chính thức) | B5: Staging / UAT | C5: Cấu hình OTel Native (Biến môi trường) | D5: Đã gắn (Chưa đạt chuẩn) | E5: Đang xây dựng | F5: Đẩy thẳng Kafka / ES (Vi phạm BLOCKER) | G5: Chưa ghi nhận (= 0)
A6: .NET Framework (Legacy) | B6: Development / SIT | C6: Đang tích hợp | D6: Đang triển khai | E6: Chưa có | F6: Chỉ mới xuất Console | G6: N/A (Ngoài .NET 6/7/8)
A7: Node.js / NestJS | B7: Chưa triển khai | C7: Chưa tích hợp | D7: Chưa triển khai | F7: Chưa cấu hình
A8: Python (FastAPI / Django)
A9: Go (Golang)
A10: Java / Spring Boot
A11: Khác
A14: BẢNG TÓM TẮT TIÊU CHÍ ĐÁNH GIÁ TUÂN THỦ (TRÍCH XUẤT TỪ QUY ĐỊNH ISC OBSERVABILITY v1.0)
A15: Hạng mục kiểm tra | B15: Tiêu chí công nhận 'Đạt chuẩn' | E15: Cơ chế hỗ trợ trong SDK (.NET 6 / 7 / 8)
A16: Trục 1: Logging | B16: Xuất JSON có cấu trúc; đủ trường bắt buộc (timestamp, severity_text, service_name, environment, trace_id, span_id, correlation_id, message); biến nghiệp vụ dạng snake_case; che PII nhạy cảm. | E16: SDK tự động hóa 90% (Dev chỉ cần viết message và đặt tên biến nghiệp vụ snake_case).
A17: Trục 2: Tracing | B17: Lan truyền ngữ cảnh W3C Trace Context (traceparent) & B3; tự động tạo span cho HTTP/DB/Redis; tạo custom span cho tác vụ nội bộ > 200ms. | E17: SDK tự động gắn ASP.NET Core, HttpClient, EF Core, SqlClient, Redis, Quartz instrumentation.
A18: Trục 3: Metrics | B18: Đầy đủ Golden Signals (RPS, Latency p50/p95/p99, Error Rate); phát metric tuân thủ observability.sdk.active = 1; nhãn (label) dạng snake_case và Low Cardinality. | E18: SDK tự động phát Golden Signals, Runtime metrics và observability.sdk.active = 1.
A19: Dashboard Level 1 | B19: Executive Overview (Dành cho Ban điều hành): Hiển thị Golden Signals gồm Traffic (RPS), Latency (p50/p95/p99), Error Rate (%), Saturation. | E19: Dữ liệu tự động đổ về từ OTel Collector sang Elasticsearch/Kibana hoặc SigNoz.
A20: Dashboard Level 2 | B20: Developer Deep-Dive (Dành cho Dev/Tech Lead): APM chi tiết, tra cứu Waterfall theo Trace ID, danh sách Slow Endpoints & Error Logs. | E20: Truy vết xuyên suốt qua trường trace_id đồng nhất giữa Log và Span.
A21: Dashboard Level 3 | B21: Infrastructure & Runtime (Dành cho DevOps/SRE): Giám sát CPU, Memory, GC Pause Time, ThreadPool Queue. | E21: SDK tự động thu thập qua OpenTelemetry Runtime Instrumentation.
A22: Đường truyền OTLP | B22: Bắt buộc 100% đi qua OpenTelemetry Collector (Single OTLP Path - cổng 4318 HTTP Protobuf). Nghiêm cấm app đẩy trực tiếp vào Kafka/Elasticsearch. | E22: SDK cấu hình mặc định OTLP HTTP Protobuf qua biến môi trường OTEL_EXPORTER_OTLP_ENDPOINT.
